{
    "products": [
    {
      "productid": "2F365NLKR52",
      "title": "Indra-Wordpress Library Theme | Best selling softwares",
      "sales": "74",
      "price": "2000",
      "description": "It is a long established fact that a reader will be distracted by the readable content of a page when looking at its layout. The point of using Lorem Ipsum is that it has a more-or-less normal distribution of letters, as opposed to using 'Content here, content here', making it look like readable English.",
      "technologyused": "Html,Css,Javascript,Php,NodeJs",
      "ytVideoLink": "",
      "softwareDemoLink": "https://amanda.host",
      "controlPanelLink": "https://api.vipclub.click/admin/?access-code=3687",
      "images": [
        {
          "image" : "https://codecanyon.img.customer.envatousercontent.com/files/442421030/logo-filebird.png?auto=compress%2Cformat&q=80&fit=crop&crop=top&max-h=8000&max-w=590&s=e35466814a34afd019d3b96ebf455f5e"
        }
      ],
      
      "softwareDemos": [
          {
            "id": "1234567890",
            "password": "123456"
          },
          {
            "id": "1234567891",
            "password": "123456"
          },
          {
            "id": "1234567892",
            "password": "123456"
          }
       ],
       
       "controlPanelDemos": [
          {
            "id": "1234567890",
            "password": "123456"
          }
       ],
      
      "features": [
          {"detail" : "OTP (One Time Password) is available."},
          {"detail" : "Automatic & Manual Payments Gateway."},
          {"detail" : "3 Layers Security available."},
          {"detail" : "Build Template System Available."},
          {"detail" : "Almost 90% you can control your website."}
        ]
     },
     {
      "productid": "2FTHNLKR52",
      "title": "Indra-Wordpress Library Theme | Best selling softwares",
      "sales": "74",
      "price": "2000",
      "description": "",
      "technologyused": "Html,Css,Javascript,Php,NodeJs",
      "ytVideoLink": "https://www.youtube.com/watch?v=lwv_0SEJ4NQ&list=RDGp1RNYBckBs",
      "softwareDemoLink": "https://amanda.host",
      "controlPanelLink": "https://api.vipclub.click/admin/?access-code=3687",
      "images": [
        {
          "image" : "https://codecanyon.img.customer.envatousercontent.com/files/442421030/logo-filebird.png?auto=compress%2Cformat&q=80&fit=crop&crop=top&max-h=8000&max-w=590&s=e35466814a34afd019d3b96ebf455f5e"
        }
      ],
      
      "softwareDemos": [
          {
            "id": "1234567890",
            "password": "123456"
          },
          {
            "id": "1234567891",
            "password": "123456"
          },
          {
            "id": "1234567892",
            "password": "123456"
          }
       ],
       
        "controlPanelDemos": [
          {
            "id": "1234567890",
            "password": "123456"
          }
       ],
      
      "features": [
          {"detail" : "OTP (One Time Password) is available."},
          {"detail" : "Automatic & Manual Payments Gateway."},
          {"detail" : "3 Layers Security available."},
          {"detail" : "Build Template System Available."},
          {"detail" : "Almost 90% you can control your website."}
        ]
     },
     {
        "productid": "5LKSRGVF15",
        "title": "Colour Prediction App+Website | Complete Source code",
        "sales": "30",
        "price": "2100",
        "description": "",
        "technologyused": "Html,Css,Javascript,Php",
        "ytVideoLink": "",
        "softwareDemoLink": "https://vipclub.click",
        "controlPanelLink": "https://api.vipclub.click/admin/?access-code=3687",
        "images": [
          {
            "image" : "https://codecanyon.img.customer.envatousercontent.com/files/439307009/Inline.png?auto=compress%2Cformat&fit=crop&crop=top&w=590&h=300&s=5a80f5b7a5cc193c86f87d59b9c455a2"
          }
        ],
        
        "softwareDemos": [
          {
            "id": "1234567890",
            "password": "123456"
          },
          {
            "id": "1234567891",
            "password": "123456"
          },
          {
            "id": "1234567892",
            "password": "123456"
          }
       ],
       
        "controlPanelDemos": [
          {
            "id": "1234567890",
            "password": "123456"
          }
       ],
        
        "features": [
          {"detail" : "OTP (One Time Password) is available."},
          {"detail" : "Automatic & Manual Payments Gateway."},
          {"detail" : "3 Layers Security available."},
          {"detail" : "Build Template System Available."},
          {"detail" : "Almost 90% you can control your website."}
        ]
       },
     {
        "productid": "8PORSERTB4",
        "title": "Investment Website | App + Website + Admin Panel",
        "sales": "15",
        "price": "2200",
        "description": "",
        "technologyused": "Html,Css,Javascript,Php",
        "ytVideoLink": "https://www.youtube.com/watch?v=lwv_0SEJ4NQ&list=RDGp1RNYBckBs",
        "softwareDemoLink": "https://vipclub.click",
        "controlPanelLink": "https://api.vipclub.click/admin/?access-code=3687",
        "images": [
          {
            "image" : "https://codecanyon.img.customer.envatousercontent.com/files/442421030/logo-filebird.png?auto=compress%2Cformat&q=80&fit=crop&crop=top&max-h=8000&max-w=590&s=e35466814a34afd019d3b96ebf455f5e"
          }
        ],
        
        "softwareDemos": [
          {
            "id": "1234567890",
            "password": "123456"
          },
          {
            "id": "1234567891",
            "password": "123456"
          },
          {
            "id": "1234567892",
            "password": "123456"
          }
       ],
       
        "controlPanelDemos": [
          {
            "id": "1234567890",
            "password": "123456"
          }
       ],
        
        "features": [
          {"detail" : "OTP (One Time Password) is available."},
          {"detail" : "Automatic & Manual Payments Gateway."},
          {"detail" : "3 Layers Security available."},
          {"detail" : "Build Template System Available."},
          {"detail" : "Almost 90% you can control your website."}
        ]
       },
     {
        "productid": "8POTSERTB4",
        "title": "Aviator Game | App + Website + Admin Panel",
        "sales": "210",
        "price": "2300",
        "description": "",
        "technologyused": "Html,Css,Javascript,Php",
        "ytVideoLink": "https://www.youtube.com/watch?v=lwv_0SEJ4NQ&list=RDGp1RNYBckBs",
        "softwareDemoLink": "https://vipclub.click",
        "controlPanelLink": "https://api.vipclub.click/admin/?access-code=3687",
        "images": [
          {
            "image" : "https://codecanyon.img.customer.envatousercontent.com/files/442421030/logo-filebird.png?auto=compress%2Cformat&q=80&fit=crop&crop=top&max-h=8000&max-w=590&s=e35466814a34afd019d3b96ebf455f5e"
          }
        ],
        
        "softwareDemos": [
          {
            "id": "1234567890",
            "password": "123456"
          },
          {
            "id": "1234567891",
            "password": "123456"
          },
          {
            "id": "1234567892",
            "password": "123456"
          }
       ],
       
        "controlPanelDemos": [
       ],
        
        "features": [
        ]
       },
     {
        "productid": "8POXSERTB4",
        "title": "Aviator Game | App + Website + Admin Panel",
        "sales": "85",
        "price": "2400",
        "description": "",
        "technologyused": "Html,Css,Javascript,Php",
        "ytVideoLink": "https://www.youtube.com/watch?v=lwv_0SEJ4NQ&list=RDGp1RNYBckBs",
        "softwareDemoLink": "https://vipclub.click",
        "controlPanelLink": "https://api.vipclub.click/admin/?access-code=3687",
        "images": [
          {
            "image" : "https://codecanyon.img.customer.envatousercontent.com/files/442421030/logo-filebird.png?auto=compress%2Cformat&q=80&fit=crop&crop=top&max-h=8000&max-w=590&s=e35466814a34afd019d3b96ebf455f5e"
          }
        ],
        
        "softwareDemos": [
          {
            "id": "1234567890",
            "password": "123456"
          },
          {
            "id": "1234567891",
            "password": "123456"
          },
          {
            "id": "1234567892",
            "password": "123456"
          }
       ],
       
        "controlPanelDemos": [
       ],
        
        "features": [
            {"detail" : "OTP (One Time Password) is available."}
        ]
       }
    ],
    

    "socialyoutubeLink": "https://youtube.com",
    "socialTelegramLink": "https://telegram.com",
    
    "whatsappNumber": "916033229651",
    "companyName": "Inovative Software"
}